#{"t_start": 1697038735.854669, "env_id": "SuperMarioBros-v0"}
r,l,t
2606.0,1626,18.304276
2533.0,1705,35.695389
